216000044,M6410,G
232000028,2,G
232000029,88,G
232000061,3000,G
232000067,388,G
232000087,3,G
232000088,42795,G
232000091,2000,G
232000093,3000A,G
222000105,M2316,G
230000087,42908,G
230000088,42759,G
230000097,42911,G
230000100,28-21,G
230000101,42755,G
230000106,20-31,G
230000110,22-23,G
230000112,20-22,G
230000116,42875,G
230000117,42998,G
230000120,29,G
230000122,42760,G
230000123,28-70,G
230000127,42787,G
230000128,42756,G
230000130,42818,G
230000131,43037,G
230000132,43063,G
230000142,28-82,G
230000143,20-51,G
230000144,20-61,G
230000176,20-52,G
230000177,21-17,G
230000178,21-81,G
221000005,13455,G
237000047,920,G
237000066,970-1,G
237000079,983,G
237000084,992,G
234001197,43089,G
234001200,20-21,G
234001201,29-95,G
234001202,21-14,G
234001206,20-33,G
234001209,43092,G
234001220,42906,G
234001223,28-72,G
234001230,43029,G
234001233,730,G
234001236,8109,G
234001237,8106,G
234001238,42792,G
234001239,42755,G
234001243,M5107,G
234001246,8409,G
234001247,36-14,G
234001248,36-13,G
234001249,14489,G
234001250,14519,G
234001251,1311,G
234001252,36-15,G
234001254,38-19,G
234001279,35-20,G
234001280,21-15,G
234001281,29-32,G
234001284,22-22,G
234001286,M5115,G
234001287,21-32,G
234001288,23-82,G
234001291,42811,G
234001294,912,G
234001298,918,G
234001299,918-1,G
234001302,928,G
234001303,930,G
234001304,930-1,G
234001306,980,G
234001310,990,G
234001314,916,G
234001315,917,G
234001317,M5121,G
234001372,911,G
234001373,935,G
234001375,924,G
234001380,924-1,G
234001386,912-1,G
234001390,930-2,G
234001411,924-2,G
234001415,12145,G
234001421,911-4,G
234001426,8401,G
234001427,989-1,G
234001428,989,G
234001429,989-4,G
234001430,988-5,G
234001432,988-7,G
234001433,981-1,G
234001434,989-5,G
234001435,987-5,G
234001443,987-3,G
234001456,42999,G
234001462,22-25,G
234001463,42938,G
234001464,22-81,G
234001468,25-21,G
234001469,43095,G
234001470,28-43,G
234001471,28-92,G
234001472,20-41,G
234001475,28-83,G
234001476,M2323,G
234001508,988-6,G
234001509,35-17,G
234001510,12236,G
234001513,918-5,G
234001514,961-5,G
234001517,21-33,G
234001528,20-53,G
234001529,21-91,G
234001532,22-14,G
234001533,43068,G
234001537,28-55,G
234001538,28-54,G
234001540,912-5,G
234001541,924A,G
234001542,930-4A,G
234001543,930-4B,G
234001544,930-4,G
234001545,930-5A,G
234001546,930-5B,G
234001547,982-1,G
234001548,981-5,G
234001557,918-7,G
234001559,24-47,G
234001564,14154,G
234001565,42746,G
234001566,21-18,G
234001567,21-19,G
234001572,38-26,G
234001573,38-52,G
234001574,2593224,G
234001576,2593255,G
234001577,M4130,G
234001578,17-1A,G
234001580,26-13,G
234001581,24,G
234001585,29-13,G
234001586,29-21,G
234001587,901,G
234001590,42757,G
234001591,42793,G
234001604,29-23,G
234001606,23-32,G
234001608,720-1A,G
234001610,5,G
234001611,6,G
234001612,7,G
234001613,28-20,G
234001614,24-33,G
234001615,20-42,G
234001617,9000-1A,G
234001619,M4434,G
234001622,M4137,G
234000001,1314875,G
234001075,22-13,G
234001077,28-50,G
234001078,28-71,G
234001079,43061,G
234001081,22-21,G
234001082,22-24,G
234001083,22-30,G
234001091,24-43,G
234001092,24-44,G
234001093,24-45,G
234001097,21-13,G
234001099,25-20,G
234001100,23-50,G
234001116,29-40,G
234001122,38-43,G
234001124,42788,G
234001128,23-94,G
234001133,21-30,G
234001156,42787,G
234001159,M4102,G
234001161,14550,G
234001163,6501,G
234001166,36-72,G
234001168,24-46,G
234001174,28-30,G
234001178,28-31,G
234001179,28-40,G
234001180,28-42,G
234001182,28-53,G
234001185,28-90,G
234001186,28-91,G
234001187,43098,G
234001188,29-22,G
234001191,29-41,G
234001194,29-31,G
234001196,43059,G
234000002,9000,G
234000003,30,G
234000012,17,G
234000021,700-2,G
234000024,720-1,G
234000026,720-2,G
234000028,43013,G
234000035,15,G
234000036,112,G
234000037,116,G
234000040,119,G
234000047,720,G
234000051,3500,G
234000057,42825,G
234000059,1,G
234000061,116-1,G
234000065,1005,G
234000072,13,G
234000075,500-2,G
234000077,500-5,G
234000078,111,G
234000130,1303,G
234000132,42768,G
234000150,42767,G
234000213,2,G
234000360,988-1,G
234000367,989-2,G
234000415,982,G
234000435,21-31,G
234000436,42815,G
234000438,23-81,G
234000441,20-54,G
234000446,10,G
234000448,42763,G
234000449,42794,G
234000451,42822,G
234000452,42853,G
234000453,28-41,G
234000454,28-51,G
234000455,42914,G
234000456,42944,G
234000457,42814,G
234000458,42975,G
234000459,43006,G
234000460,28-56,G
234000461,42845,G
234000462,42970,G
234000463,43001,G
234000466,42849,G
234000468,42846,G
234000469,42940,G
234000470,21,G
234000472,24-31,G
234000473,42764,G
234000476,42879,G
234000477,42823,G
234000478,47150,G
234000480,42854,G
234000481,43090,G
234000482,43060,G
234000489,13181,G
234000495,13241,G
234000505,42750,G
234000553,12785,G
234000556,12844,G
234000586,12905,G
234000691,984,G
234000693,984-1,G
234000751,42883,G
234000753,42786,G
234000754,43091,G
234000755,42757,G
234000756,42816,G
234000757,42847,G
234000759,23,G
234000762,42758,G
234000763,42789,G
234000765,23-13,G
234000768,42848,G
234000769,42878,G
234000770,23-71,G
234000771,42939,G
234000777,42788,G
234000798,13912,G
234000805,38,G
234000824,12420,G
234000829,12086,G
234000849,42752,G
234000850,11355,G
234000861,988-2,G
234000862,989-3,G
234000875,M4101,G
234000878,8100,G
234000882,1150,G
234000900,42909,G
234000901,14093,G
234000929,35-32,G
234000948,13820,G
234000960,42756,G
234000996,14246,G
234000997,114-1,G
234000998,13332,G
234000999,36,G
234001000,13210,G
234001001,14397,G
234001003,13547,G
234001004,13606,G
234001005,37-41,G
234001006,13516,G
234001007,13575,G
234001008,37-32,G
234001009,14336,G
234001010,13394,G
234001011,13302,G
234001012,14366,G
234001013,14427,G
234001014,13424,G
234001016,38-23,G
234001017,38-21,G
234001019,14215,G
234001021,38-42,G
234001022,38-81,G
234001023,38-82,G
234001025,35-35,G
234001027,38-14,G
234001028,12816,G
234001029,35-21,G
234001030,35,G
234001034,35-36,G
234001041,36-71,G
234001042,13271,G
234001043,36-51,G
234001044,37-31,G
234001046,13150,G
234001047,13485,G
234001056,14277,G
234001057,14458,G
234001058,37,G
234001059,13363,G
234001062,42969,G
234001063,42968,G
234001074,23-92,G
228000262,5006,G
228000263,5007,G
230000140,28-81,G
218000005,3200,G
219000026,9700,G
204000025,521,G
237000031,987-6,G
237000052,923,G
237000053,929,G
237000054,960,G
237000059,961,G
237000060,962,G
237000061,963,G
237000062,964,G
237000064,965-1,G
237000070,972,G
237000071,972-1,G
237000077,981,G
237000083,991,G
237000085,992-1,G
237000086,993,G
237000087,929-1,G
237000094,931,G
237000096,932,G
237000097,939,G
237000098,951,G
237000099,952,G
237000100,953,G
237000101,950,G
237000102,994,G
234001203,1113-10,G
234001204,1113-11,G
234001211,23-41,G
234001213,43064,G
234001218,43065,G
234001219,28-17,G
234001224,23-80,G
234001232,42979,G
234001235,8906,G
234001241,M7412,G
234001244,9600,G
234001245,M4108,G
234001253,38-83,G
234001257,522,G
234001271,1570,G
234001274,987-2,G
234001282,21-16,G
234001290,1551B,G
234001292,911-1,G
234001293,911-2,G
234001296,913,G
234001297,915,G
234001300,919,G
234001309,988,G
234001318,M5422,G
234001370,994-1,G
234001371,995,G
234001374,911-3,G
234001378,952-4,G
234001379,952-1,G
234001383,962-1,G
234001387,952-2,G
234001388,952-3,G
234001389,951-1,G
234001392,938,G
234001395,965-2,G
234001396,974,G
234001397,974-1,G
234001399,974-2,G
234001400,963-1,G
234001402,918-2,G
234001403,961-1,G
234001404,964-1,G
234001405,981-2,G
234001406,923-1,G
234001407,923-2,G
234001408,929-2,G
234001409,929-3,G
234001410,925,G
234001412,925-1,G
234001413,915-2,G
234001414,915-1,G
234001417,913-2,G
234001418,913-3,G
234001419,913-4,G
234001431,988-4,G
234001440,980-1,G
234001441,983-1,G
234001442,981-3,G
234001444,987-4,G
234001446,912-2,G
234001478,43000,G
234001479,911-5,G
234001480,918-3,G
234001481,918-4,G
234001483,932-1,G
234001484,938-1,G
234001485,971,G
234001486,971-1,G
234001487,971-2,G
234001488,972-2,G
234001489,972-3,G
234001490,972-4,G
234001491,994-2,G
234001493,954,G
234001494,953-1,G
234001495,953-2,G
234001496,953-4,G
234001497,955-1,G
234001498,955,G
234001499,953-3,G
234001500,961-2,G
234001501,961-3,G
234001502,965,G
234001503,966,G
234001504,966-1,G
234001505,961-4,G
234001506,912-3,G
234001507,915-3,G
234001515,971-3,G
234001516,1113-2,G
234001522,38-84,G
234001524,34-16,G
234001526,11720,G
234001549,915-4,G
234001550,950-3,G
234001551,950B,G
234001553,981-4,G
234001554,918-6,G
234001555,918-8,G
234001556,918-9,G
234001560,912-4,G
234001561,43034,G
234001575,38-53,G
234001582,43070,G
234001583,43071,G
234001584,43072,G
234001588,902,G
234001589,904,G
234001592,14185,G
234001593,42758,G
234001594,38-85,G
234001595,35-31,G
234001596,35-33,G
234001597,903,G
234001598,905,G
234001600,956,G
234001602,958,G
234001603,950-1,G
234001607,43036,G
234001609,500-1A,G
234001616,906,G
234001618,3,G
234001621,33,G
234001084,23-93,G
234001088,23-70,G
234001089,23-90,G
234001102,43035,G
234001103,43066,G
234001104,27-20,G
234001105,27-21,G
234001106,27-30,G
234001107,27-40,G
234001108,29-50,G
234001110,29-70,G
234001118,12175,G
234001138,1551,G
234001145,12875,G
234001146,12966,G
234001148,35-27,G
234001149,35-25,G
234001150,35-26,G
234001153,38-24,G
234001158,12754,G
234000009,32,G
234000011,1113-1,G
234000013,1007-1,G
234000015,1007,G
234000016,1112,G
234000027,6900,G
234000034,16,G
234000038,65,G
234000039,114,G
234000042,1113,G
234000044,520,G
234000046,660,G
234000069,1117,G
234000070,8,G
234000074,1005-1,G
234000079,500-1,G
234000082,42779,G
234000083,12,G
234000095,9,G
234000136,1550,G
234000148,1314906,G
234000309,9301,G
234000310,1009,G
234000311,1865295,G
234000313,1500-2,G
234000316,60,G
234000317,11689,G
234000324,1550-1,G
234000414,987-1,G
234000512,42972,G
234000514,42884,G
234000517,42915,G
234000519,42945,G
234000521,42976,G
234000523,25,G
234000525,42791,G
234000527,25-31,G
234000528,42819,G
234000530,42850,G
234000531,25-41,G
234000533,42880,G
234000535,42761,G
234000538,27,G
234000540,42762,G
234000542,42793,G
234000544,42821,G
234000545,27-31,G
234000547,42852,G
234000694,984-2,G
234000695,983-2,G
234000764,23-31,G
234000766,42817,G
234000813,12936,G
234000860,988-3,G
234000879,8101,G
234000884,8201,G
234000956,38-51,G
234000995,M4403,G
234001015,38-22,G
234001018,13881,G
234001040,34,G
234001051,34-13,G
228000179,101,G
228000181,1241,G
204000080,1002,G
204000081,1151,G
204000082,G8110,G
205000001,70,G
205000002,333,G
205000003,42795,G
206000003,300,G
206000005,9414,G
206000007,102,G
204000035,1251,G
204000041,9004,G
204000046,9003,G
204000051,390,G
204000057,3330,G
204000060,103,G
204000070,9007,G
234000007,5,G
234000886,9300,G
222000062,30-13,G
222000063,43069,G
222000064,43038,G
222000065,42946,G
222000072,167,G
222000073,1700,G
222000074,1100,G
222000078,1200,G
222000082,10,G
222000084,8002,G
222000088,8001,G
222000089,56,G
222000107,1001,G
222000109,330-3,G
222000124,42949,G
222000131,42885,G
222000133,330-2,G
222000136,1000-2,G
222000137,1200-1,G
222000139,30-16,G
222000022,91,G
222000023,55,G
222000027,97,G
222000028,165,G
222000029,6,G
222000030,23743,G
222000031,65,G
222000032,42739,G
222000033,30-15,G
222000034,42855,G
222000035,10990,G
222000037,42916,G
222000038,43008,G
222000039,42977,G
222000040,43099,G
222000041,42765,G
222000042,30-14,G
222000045,112-1,G
222000046,1670,G
222000047,168,G
222000048,166-1,G
222000049,1660,G
222000053,8,G
222000054,42948,G
222000055,7,G
222000056,167-1,G
222000058,1,G
222000061,42824,G
234001511,1000-1,G
234000041,330-1,G
234000873,100,G
228000001,66,G
228000002,10,G
228000005,24198,G
228000008,43013,G
228000010,670,G
228000012,820,G
228000013,42757,G
228000017,68,G
228000018,43012,G
228000019,88,G
228000020,7,G
228000021,8,G
228000029,74,G
228000038,90,G
228000055,22,G
228000056,25965,G
228000061,91,G
228000066,71,G
228000071,25934,G
228000079,70,G
228000081,12,G
228000082,92,G
228000089,83,G
228000092,93,G
228000108,95,G
228000113,42979,G
228000119,30317,G
228000128,73,G
228000130,30682,G
228000132,34700,G
228000133,82,G
228000136,2,G
228000139,84,G
228000140,30713,G
228000148,3,G
228000149,103,G
228000156,89,G
228000159,9,G
228000160,42980,G
228000162,33970,G
228000165,11,G
228000168,6,G
228000170,42767,G
228000174,5000,G
228000175,5005,G
228000176,5001,G
228000177,1132619,G
228000182,5003,G
228000183,5002,G
228000184,5600,G
228000189,29587,G
228000190,26665,G
228000191,26755,G
228000197,75,G
228000199,42790,G
228000200,81,G
228000201,72,G
228000203,42759,G
228000204,24,G
228000205,26299,G
228000206,27791,G
228000207,27820,G
228000208,27851,G
228000209,27881,G
228000210,27942,G
228000211,28004,G
228000212,28034,G
228000214,29952,G
228000218,97,G
228000220,27912,G
228000222,27973,G
228000223,27760,G
228000225,28065,G
228000232,26696,G
228000233,26724,G
228000234,26785,G
228000238,20,G
228000246,85,G
228000249,690,G
228000250,43009,G
228000251,33604,G
228000255,43010,G
228000256,101,G
228000258,14,G
228000259,42749,G
228000265,42887,G
228000266,16,G
228000267,42808,G
228000268,65,G
228000269,102,G
228000270,105,G
228000271,5700,G
228000273,970,G
228000274,77,G
228000275,100,G
228000276,43014,G
228000277,43015,G
228000278,43040,G
228000281,32143,G
228000285,32874,G
228000286,55,G
228000287,99,G
228000385,94,G
224000012,30,G
224000014,10990,G
224000015,98,G
224000016,76,G
216000005,42946,G
216000010,36161,G
216000011,55,G
216000012,70,G
216000015,314,G
216000016,62,G
216000017,33,G
216000019,42947,G
216000020,38,G
216000021,301,G
216000023,88,G
216000026,3100,G
216000030,501A,G
216000032,12055,G
216000036,31,G
216000037,10,G
216000041,5,G
216000043,3101,G
216000045,8407,G
216000046,5609,G
216000048,42795,G
216000049,42826,G
216000050,42887,G
216000051,42948,G
216000052,42736,G
216000054,500,G
216000055,501B,G
216000059,12086,G
216000060,300,G
216000061,3102,G
216000064,310,G
217000001,1,G
217000002,101,G
217000003,52,G
217000004,77,G
217000005,511,G
217000006,61,G
217000007,99,G
217000009,32,G
217000010,35,G
217000011,5601,G
217000012,350,G
217000013,320,G
217000014,110,G
210000028,220,G
200000104,3000,G
200000149,7790,G
200000150,7800,G
200000191,7900,G
200000265,42765,G
200000267,787,G
233000079,20,G
233000080,21,G
233000081,24,G
233000083,30,G
233000085,23,G
233000086,38,G
233000087,42,G
233000094,25,G
233000095,26,G
233000096,27,G
233000126,12086,G
233000139,8155,G
233000143,13912,G
233000258,8156,G
233000262,13881,G
233000007,777,G
233000008,33,G
233000010,12055,G
233000013,2,G
233000015,4,G
233000019,42857,G
233000021,42859,G
233000022,15,G
233000024,14,G
233000025,9,G
233000026,19,G
233000027,42795,G
233000028,3,G
233000029,42770,G
233000030,42769,G
233000031,7770,G
233000032,7780,G
233000034,16,G
233000035,42768,G
233000036,18,G
233000038,42826,G
233000040,6,G
233000041,11,G
233000043,42888,G
233000044,17,G
233000045,42889,G
233000046,8,G
233000047,42950,G
233000048,1,G
233000049,42949,G
233000051,42736,G
233000052,42767,G
233000056,42917,G
233000057,42948,G
233000058,7,G
233000059,43044,G
233000060,43041,G
233000062,43043,G
233000064,10,G
240000067,42860,G
240000068,42743,G
240000069,42744,G
240000070,42736,G
240000071,42772,G
240000072,42896,G
240000073,42738,G
240000075,1,G
240000077,42856,G
240000078,42858,G
240000080,42980,G
240000081,42949,G
240000083,42951,G
240000085,42952,G
240000086,42985,G
240000087,42924,G
240000089,22,G
240000091,42953,G
240000092,42954,G
240000093,42986,G
240000094,42955,G
240000095,42836,G
240000096,5,G
240000098,42862,G
240000099,42863,G
240000100,42890,G
240000102,42925,G
240000103,42928,G
240000104,42950,G
240000105,36617,G
240000109,24,G
240000110,42926,G
240000111,42956,G
240000112,42927,G
240000113,42745,G
240000114,42741,G
240000115,42746,G
240000116,42747,G
240000117,42748,G
240000118,42770,G
240000119,42773,G
240000120,3,G
240000121,42830,G
240000122,42778,G
240000124,42898,G
240000125,11,G
240000126,42765,G
240000127,42766,G
240000128,1-41,G
240000129,1-32,G
240000130,1-42,G
240000131,1-33,G
240000132,1-43,G
240000133,42753,G
240000134,42754,G
240000135,42816,G
240000136,42866,G
240000137,5-55,G
240000138,5-88,G
240000139,43000,G
240000140,42814,G
240000141,8-33,G
240000142,8-44,G
240000143,8-55,G
240000144,42998,G
240000145,43008,G
240000146,30,G
240000002,42740,G
240000003,42739,G
240000004,42742,G
240000007,36526,G
240000008,36557,G
240000009,42777,G
240000011,42771,G
240000012,42775,G
240000014,42768,G
240000015,42769,G
240000016,6,G
240000017,42887,G
240000018,42888,G
240000019,42889,G
240000020,42796,G
240000021,42891,G
240000022,42894,G
240000023,42892,G
240000026,42774,G
240000028,42799,G
240000029,42776,G
240000033,42767,G
240000036,42981,G
240000037,10,G
240000038,43009,G
240000039,43010,G
240000041,7,G
240000042,42917,G
240000043,42979,G
240000044,42918,G
240000045,42984,G
240000046,42923,G
240000047,42919,G
240000048,42920,G
240000049,42921,G
240000051,42827,G
240000053,42829,G
240000055,42826,G
240000056,42832,G
240000057,42834,G
240000058,42833,G
240000059,42835,G
240000060,42831,G
240000062,42857,G
240000063,42859,G
240000064,42737,G
232000005,9008,G
232000006,1002,G
232000007,8000,G
232000016,69,G
232000017,60,G
232000025,60-3김포,G
232000047,8600,G
232000071,M6117,G
232000072,8601,G
232000073,1004,G
232000075,M6427,G
232000081,6427,G
232000082,1,G
232000083,42736,G
232000090,G6000,G
232000094,G6001,G
232000096,4,G
232000097,42826,G
232000098,8601A,G
200000008,400,G
200000012,990,G
200000013,999,G
200000014,18323,G
200000016,18295,G
200000018,18354,G
200000020,18384,G
200000022,18415,G
200000060,11,G
200000122,999-1,G
200000183,400-4,G
200000261,400-5,G
200000268,400-2,G
204000004,6,G
204000005,57,G
204000007,357,G
204000024,9407,G
204000032,240,G
204000044,350,G
215000001,18264,G
215000003,18295,G
215000004,50,G
215000005,51,G
215000006,18629,G
215000007,18660,G
215000008,52,G
215000009,18994,G
215000010,19511,G
215000012,19360,G
215000013,19480,G
215000014,55,G
215000015,56,G
215000016,57,G
215000017,59,G
215000018,21245,G
215000019,21217,G
215000021,58,G
215000022,21186,G
215000023,100-2,G
215000024,100-1,G
215000025,1,G
215000026,42736,G
215000027,42737,G
215000028,21276,G
215000029,54,G
215000030,100,G
215000032,19025,G
215000033,42738,G
215000035,42740,G
215000036,42741,G
215000037,42742,G
215000038,42743,G
215000040,42745,G
215000041,42746,G
215000044,18688,G
215000045,18719,G
215000046,18749,G
215000047,18780,G
215000052,60,G
215000053,21916,G
215000054,21947,G
215000055,21976,G
215000060,19085,G
215000062,61,G
215000063,22282,G
215000064,22313,G
215000065,22341,G
215000066,22372,G
215000067,22402,G
215000068,22433,G
215000069,22463,G
215000070,53,G
215000072,19450,G
215000074,19572,G
215000077,19784,G
215000080,20121,G
215000081,20149,G
215000083,20455,G
215000084,20486,G
215000085,20821,G
215000086,20852,G
215000088,21306,G
215000089,21337,G
215000094,20515,G
215000096,19633,G
215000097,20880,G
215000102,20241,G
215000104,18384,G
215000105,22068,G
215000106,22494,G
215000107,42747,G
215000108,18841,G
215000109,18872,G
215000110,18933,G
215000111,18963,G
215000112,51-13,G
215000113,22098,G
215000114,22129,G
215000118,2,G
215000119,42767,G
215000121,42769,G
215000122,42770,G
215000123,42771,G
215000124,42772,G
215000126,20911,G
215000127,42748,G
215000129,19664,G
215000130,19694,G
215000131,53-13,G
215000133,20333,G
215000134,20363,G
215000136,20424,G
215000138,55-14,G
215000139,62,G
215000140,22647,G
215000141,22678,G
215000142,22706,G
215000143,22737,G
215000144,22767,G
215000146,20637,G
215000147,55-15,G
215000148,55-16,G
215000149,21367,G
215000150,21398,G
215000151,21429,G
215000152,21459,G
215000153,21490,G
215000155,21610,G
215000156,21641,G
215000157,19054,G
215000158,19419,G
215000162,42749,G
215000163,21520,G
215000164,20668,G
215000165,20699,G
215000167,22160,G
215000168,18415,G
215000169,42768,G
215000170,20090,G
210000001,50,G
210000002,43070,G
210000003,18264,G
229000017,830,G
229000018,66,G
218000010,1500,G
218000011,1100,G
218000020,M7129,G
219000001,11,G
219000004,871,G
219000005,800,G
219000006,1082,G
219000007,108,G
219000013,1000,G
219000014,770,G
219000015,921,G
219000016,1200,G
219000021,72,G
219000023,870,G
219000025,3300,G
219000027,1900,G
229000032,34,G
229000036,360,G
207000002,26299,G
207000003,10,G
207000004,43009,G
207000009,42736,G
207000012,111,G
207000013,25,G
207000015,21,G
207000068,42760,G
207000080,42737,G
207000085,43010,G
207000088,42738,G
207000089,26,G
207000091,27,G
207000092,42756,G
207000093,43011,G
231000015,42769,G
231000016,42917,G
231000018,42736,G
231000019,42737,G
231000020,42739,G
231000021,42741,G
231000023,42744,G
231000024,42743,G
231000025,7,G
231000026,42918,G
231000027,42920,G
231000028,42919,G
231000029,42750,G
231000030,42781,G
231000031,42809,G
231000032,15,G
231000033,60,G
231000034,21976,G
231000035,21916,G
231000037,20,G
231000040,42814,G
231000041,42786,G
231000042,42906,G
231000045,100,G
231000046,100-1,G
231000047,100-2,G
231000049,18295,G
231000050,18323,G
231000051,18264,G
231000053,18384,G
231000054,18415,G
231000056,18445,G
231000058,17,G
231000059,35,G
231000061,42796,G
231000062,42795,G
231000064,42797,G
231000065,42798,G
231000067,42799,G
231000068,42801,G
231000069,42802,G
231000070,42803,G
231000071,42805,G
231000072,3,G
231000073,42771,G
231000074,42772,G
231000075,42774,G
231000078,43010,G
231000081,43014,G
231000082,43012,G
231000085,5,G
231000086,42857,G
231000088,42856,G
231000090,13881,G
231000094,37,G
231000099,18476,G
231000005,370,G
231000006,70,G
231000007,1,G
231000011,42738,G
231000012,2,G
231000013,42767,G
231000014,42768,G
231000100,42921,G
231000101,42922,G
231000103,42923,G
231000105,42860,G
231000106,100-3,G
231000108,12816,G
231000109,42840,G
231000111,42924,G
231000118,380,G
231000119,43015,G
231000121,42755,G
231000122,43016,G
231000125,42777,G
231000126,42740,G
231000128,13516,G
210000074,32143,G
212000001,88,G
212000002,83,G
212000003,10,G
200000006,300,G
200000120,2007,G
208000007,1,G
208000008,3,G
208000009,81,G
208000010,42948,G
208000011,42949,G
208000012,88,G
208000013,6,G
208000014,20,G
208000015,42857,G
208000016,5,G
208000017,51,G
208000018,60,G
208000019,9,G
208000020,42981,G
208000021,42737,G
208000024,42736,G
208000028,8,G
208000030,52,G
208000034,42795,G
208000035,18994,G
208000036,42740,G
208000038,42889,G
208000039,21916,G
208000041,80,G
208000062,82,G
208000063,M5333,G
214000106,42797,G
214000107,42809,G
214000108,17989,G
214000147,42921,G
214000154,42799,G
214000162,42922,G
214000163,42796,G
214000168,6,G
214000172,42923,G
214000182,5,G
214000194,999,G
214000241,42755,G
214000244,1000,G
214000245,42887,G
214000002,3,G
214000003,42795,G
214000004,20,G
214000005,15,G
214000007,42750,G
214000010,42781,G
214000011,110,G
214000012,57,G
214000013,20821,G
214000015,7,G
214000016,42919,G
214000017,42920,G
214000019,42917,G
214000020,42918,G
214000021,8,G
214000024,42949,G
214000026,100,G
214000027,100-1,G
214000028,100-2,G
214000030,42840,G
214000034,20852,G
207000070,3100,G
236000212,43041,G
236000213,43009,G
236000214,43010,G
236000052,26359,G
236000058,24108,G
236000061,138-5,G
236000066,33,G
236000068,7,G
236000070,66,G
236000137,42918,G
236000140,8,G
236000149,3200,G
236000153,9,G
236000154,10,G
236000167,138-7,G
236000176,3500,G
236000188,42917,G
236000190,3600,G
236000207,11,G
236000211,43040,G
204000083,100출성남,G
204000084,331,G
204000131,370,G
204000009,310,G
204000010,15,G
204000012,50,G
204000013,60,G
204000014,88,G
204000015,20090,G
204000017,55,G
204000018,100,G
204000019,12055,G
204000020,33,G
204000021,51,G
204000022,220,G
204000026,52,G
204000029,200,G
204000039,330,G
204000040,340,G
204000048,250,G
204000056,4000,G
204000059,9507,G
204000065,9607,G
204000067,340-1,G
204000073,42750,G
204000076,82,G
204000077,330(출근형),G
204000079,380,G
200000010,900,G
200000015,909,G
200000024,310,G
200000028,301,G
200000031,300-1,G
210000017,42859,G
210000018,42860,G
210000019,6,G
210000020,42917,G
210000024,8,G
210000026,11,G
210000029,42758,G
210000032,42878,G
210000033,42789,G
210000034,70,G
210000036,25628,G
210000037,71,G
210000038,75,G
210000039,700,G
210000046,42888,G
210000060,23,G
210000073,25,G
212000006,16,G
210000012,25600,G
210000013,3,G
210000014,5,G
210000016,42858,G
200000023,30317,G
200000025,92,G
200000029,33604,G
200000032,16,G
200000034,42782,G
200000037,13,G
200000040,42918,G
200000042,63,G
200000043,64,G
200000045,42917,G
200000048,29983,G
200000049,112,G
200000051,42751,G
200000053,20,G
200000054,29952,G
200000055,25,G
200000056,42791,G
200000058,45,G
200000061,36,G
200000064,32,G
200000065,11689,G
200000066,26,G
200000067,23012,G
200000069,42748,G
200000070,43040,G
200000074,27,G
200000076,5,G
200000077,42856,G
200000078,22647,G
200000085,98,G
200000088,39,G
200000090,42868,G
200000095,3,G
200000097,42767,G
200000099,37,G
200000129,42760,G
200000133,11720,G
200000134,11810,G
200000146,80,G
200000147,42762,G
200000148,35,G
200000157,42768,G
200000166,1,G
200000182,42755,G
200000185,42838,G
200000197,85,G
200000202,61,G
200000206,42859,G
200000208,81,G
200000211,18,G
200000231,54,G
200000234,42880,G
200000236,11749,G
200000237,42857,G
200000272,11780,G
224000002,21,G
224000003,23,G
224000004,31,G
224000005,11567,G
224000007,25,G
224000008,510,G
224000010,63,G
224000011,42755,G
224000018,20,G
224000019,3200,G
224000020,26,G
224000021,28,G
224000022,29,G
224000024,520,G
224000027,42761,G
224000028,42825,G
224000029,530,G
224000030,36,G
224000032,120,G
224000033,7,G
224000034,36192,G
224000035,36220,G
224000036,11-A,G
224000037,11-B,G
224000038,11-C,G
224000040,5604,G
224000045,37,G
224000046,13516,G
224000047,3300,G
224000048,42763,G
224000049,42764,G
224000050,3400,G
216000040,97,G
216000047,5602,G
210000027,12,G
229000020,80,G
229000022,900,G
229000025,3,G
229000028,200,G
229000034,70,G
229000038,90,G
229000039,567,G
229000041,150,G
229000043,9,G
229000061,2200,G
229000062,38,G
229000067,600,G
229000071,99,G
229000072,G7111,G
229000083,2604181,G
229000087,56,G
229000088,52,G
229000097,9030,G
229000116,28126,G
229000117,28157,G
229000118,28185,G
229000119,28216,G
229000120,28246,G
229000136,42755,G
229000138,20,G
229000235,7700,G
229000001,11,G
229000002,43040,G
229000003,12,G
229000009,19,G
229000010,30,G
229000013,17,G
229000014,43070,G
229000015,43041,G
229000016,43042,G
229000023,9710,G
229000027,31,G
229000033,93,G
229000042,92,G
229000064,22,G
229000076,42757,G
229000084,37,G
229000085,40544,G
229000086,42754,G
229000101,10,G
229000108,95,G
229000121,15,G
229000122,42808,G
229000123,42780,G
229000127,34029,G
229000128,34060,G
229000129,34090,G
229000130,34121,G
229000131,34151,G
229000132,13516,G
229000133,13547,G
229000134,34182,G
229000135,34213,G
229000137,33970,G
229000139,34243,G
229000140,34001,G
229000141,42749,G
229000143,33604,G
238000005,14277,G
238000006,14458,G
238000009,13881,G
238000010,14001,G
238000011,14062,G
238000012,13940,G
238000013,14032,G
238000021,14093,G
238000022,14124,G
238000023,14154,G
238000024,70,G
238000025,25569,G
238000026,25600,G
238000027,25628,G
200000093,51,G
200000101,42826,G
200000103,9,G
200000106,46,G
200000107,88,G
200000110,3007,G
200000112,7000,G
200000115,5100,G
200000119,7001,G
200000144,99,G
200000145,3002,G
200000152,42750,G
200000186,42979,G
200000196,36192,G
200000199,32143,G
200000201,42980,G
200000205,8800,G
200000239,22,G
200000240,42788,G
200000262,G5100,G
200000266,19,G
200000269,123A,G
200000270,123B,G
200000273,1005,G
233000011,34,G
233000012,12420,G
220000011,31-20,G
239000005,11355,G
239000006,42825,G
239000007,11414,G
239000010,42886,G
239000011,42978,G
239000012,5,G
239000013,42947,G
239000014,31-13,G
239000016,11749,G
239000018,11871,G
239000024,1330-44,G
239000027,12055,G
239000028,12086,G
239000029,11475,G
239000031,12114,G
239000032,12175,G
239000033,12206,G
239000034,12236,G
239000036,12298,G
239000037,11567,G
239000038,43039,G
239000040,11628,G
239000041,43100,G
239000042,11902,G
239000043,11933,G
239000044,11963,G
239000045,11994,G
239000046,12328,G
239000047,12359,G
239000048,12389,G
239000049,11689,G
239000056,31-15,G
239000058,33-14,G
239000059,31-14,G
239000062,33-16,G
239000064,32-13,G
239000065,32-14,G
239000066,32-15,G
239000068,32-17,G
239000070,32-19,G
239000072,32-21,G
239000073,32-22,G
239000076,31-16,G
239000078,31-17,G
239000079,32-27,G
239000082,31-18,G
239000083,32-26,G
239000084,33-18,G
239000098,33-32,G
239000101,33-35,G
239000102,33-36,G
239000104,8005,G
239000106,33-38,G
239000110,1330-2,G
239000111,1330-4,G
239000112,33-40,G
239000113,31-19,G
239000117,33-53,G
239000119,33-55,G
239000120,18264,G
239000121,18295,G
239000122,18323,G
239000123,18354,G
239000124,18384,G
239000126,11720,G
239000127,33-24,G
239000001,11810,G
239000002,12145,G
216000001,707,G
216000002,66,G
216000003,71,G
216000004,22,G
216000006,125,G
216000007,123,G
216000008,25965,G
216000009,727-1,G
216000031,727,G
216000035,25934,G
216000062,8848,G
207000016,1,G
207000019,3,G
207000021,7,G
207000025,11,G
207000026,133,G
207000027,36,G
207000033,23,G
207000034,5,G
207000035,8,G
207000048,43072,G
207000052,42740,G
207000055,10990,G
207000059,42758,G
207000073,36(심야),G
207000083,42948,G
207000087,42741,G
238000001,35,G
238000015,39,G
238000017,14246,G
238000020,14336,G
236000217,77,G
236000218,42795,G
236000048,72,G
236000049,138,G
236000056,42767,G
236000057,2,G
236000063,138-6,G
236000117,1,G
236000141,3,G
236000194,88,G
236000215,21947,G
236000216,26696,G
236000001,20455,G
236000009,20637,G
236000012,53,G
236000013,55,G
236000015,63,G
236000019,20821,G
236000023,73,G
236000025,21916,G
236000039,60,G
236000040,20121,G
236000041,56,G
236000044,62,G
236000046,57,G
236000145,68,G
236000146,67,G
236000182,75,G
236000196,31778,G
236000197,31837,G
236000198,31898,G
236000199,31809,G
236000200,32509,G
236000201,32540,G
236000202,89,G
236000204,31868,G
236000208,86,G
236000209,31413,G
236000210,26665,G
214000113,17,G
214000149,22,G
214000189,42979,G
214000243,42749,G
214000246,18507,G
214000247,42980,G
214000001,2,G
214000006,42768,G
214000014,42736,G
214000018,20,G
214000022,50,G
214000035,35065,G
214000036,13,G
214000038,14,G
214000039,9,G
214000042,21,G
214000043,16,G
214000046,27,G
214000047,29,G
214000048,42856,G
214000049,3,G
214000050,36,G
214000051,35,G
213000002,21,G
213000003,27,G
213000004,12,G
213000005,17,G
213000006,1,G
213000007,43040,G
213000008,11,G
213000009,39,G
213000010,22,G
213000011,43041,G
213000012,100,G
213000014,43042,G
213000015,3001,G
213000016,101,G
213000017,2,G
213000019,3002,G
213000025,77A,G
213000026,77B,G
221000025,35065,G
221000032,75,G
221000033,1680,G
222000026,93,G
222000050,51,G
222000051,3,G
222000052,95,G
234000029,96,G
234000031,1115-6,G
234000050,1650,G
234000058,92,G
234000071,52,G
200000108,3003,G
200000109,7002,G
200000175,5300,G
200000193,1241827,G
200000233,3900(수원),G
208000001,15,G
208000002,42781,G
208000003,43040,G
208000004,43041,G
208000005,43044,G
208000006,43042,G
208000025,10,G
208000026,917,G
208000027,3030,G
208000029,22,G
208000031,19,G
208000032,87,G
208000033,42750,G
210000062,20,G
210000063,27,G
210000064,19,G
210000075,98,G
210000080,35796,G
212000005,95,G
208000064,91,G
235000002,78,G
235000004,77,G
235000006,73,G
235000007,76,G
235000011,75,G
235000017,72,G
235000019,80,G
235000021,82,G
235000022,83,G
235000023,26665,G
235000024,30317,G
235000025,30348,G
235000027,26724,G
235000028,28126,G
235000083,33239,G
235000084,90,G
207000018,28,G
207000037,50,G
207000039,51,G
207000041,20090,G
207000042,55,G
207000053,31,G
235000020,118,G
235000033,18264,G
235000034,18295,G
235000080,19,G
235000081,42754,G
235000085,1100,G
200000105,15,G
233000067,1004-1,G
233000075,340,G
233000077,1000,G
233000084,330-1,G
233000117,340-1,G
233000125,1008,G
233000134,1001,G
233000140,1002,G
233000251,42781,G
233000253,150,G
233000004,1004,G
233000005,330,G
210000040,57,G
210000049,20455,G
210000052,20821,G
210000004,55,G
210000005,20090,G
210000006,53,G
210000007,56,G
214000060,84,G
214000061,30713,G
214000062,30682,G
214000067,85,G
214000069,30011,G
214000070,86,G
214000072,31048,G
214000078,87,G
214000079,96,G
214000080,93,G
214000081,91,G
214000083,33270,G
214000084,34335,G
214000085,94,G
214000091,89,G
214000115,30773,G
214000148,99,G
214000153,30803,G
214000155,31837,G
214000156,310,G
214000159,320-1,G
214000160,810,G
214000161,310-2,G
214000166,940,G
214000169,313,G
214000170,29983,G
214000171,302,G
214000173,33604,G
214000177,300,G
214000178,300-1,G
214000179,310-1,G
214000180,320,G
214000183,30348,G
214000184,30376,G
214000187,870,G
214000188,310-3,G
214000192,35796,G
214000193,29221,G
214000238,302-1,G
214000052,80,G
214000053,98,G
214000054,29952,G
214000055,29587,G
214000056,83,G
214000058,30317,G
214000059,30742,G
218000006,97,G
218000007,1001,G
218000018,88A,G
218000019,88B,G
232000003,96,G
232000004,95,G
210000041,58,G
210000042,59,G
210000043,60,G
210000057,21916,G
210000069,21551,G
210000072,21186,G
210000093,77,G
210000048,15,G
210000061,66,G
210000009,52,G
223000008,7,G
223000010,42921,G
223000019,71,G
223000022,21,G
223000023,22,G
223000077,31,G
223000082,111,G
223000099,8,G
223000100,202,G
223000102,202-1,G
223000105,9,G
223000107,32,G
223000109,32874,G
223000110,32905,G
223000127,M5532,G
223000128,11(학통),G
223000129,12(학통),G
223000025,77,G
223000026,50,G
223000032,701,G
223000056,708,G
223000057,72,G
223000058,73,G
223000071,78,G
233000088,333,G
233000090,42796,G
233000093,80,G
233000104,43040,G
233000105,79,G
233000114,709,G
233000115,709-1,G
233000122,76,G
233000128,712,G
233000130,26665,G
233000145,702,G
233000252,710,G
233000259,81,G
233000263,2000A,G
233000264,2000B,G
229000021,2000,G
218000015,M7119,G
218000107,60,G
232000009,81,G
232000013,842,G
232000014,841,G
232000015,53,G
232000031,102,G
232000032,101,G
232000035,83,G
232000036,201,G
232000037,202,G
232000038,86,G
232000039,31413,G
232000056,90,G
232000065,29587,G
232000070,22,G
232000074,20,G
232000076,33,G
232000089,32874,G
232000092,7000,G
232000095,21,G
222000076,7007,G
222000090,8012,G
222000096,42924,G
222000125,74,G
222000129,1865326,G
222000002,707,G
222000005,42795,G
222000006,71,G
222000008,88,G
222000013,23,G
222000014,73,G
222000016,42923,G
222000019,42920,G
236000050,11,G
222000075,2000,G
222000098,42856,G
222000110,5,G
222000111,42979,G
222000122,36526,G
222000128,36557,G
222000165,169,G
221000003,1000,G
222000004,202,G
222000009,9,G
222000012,202-1,G
222000017,42887,G
222000020,42888,G
227000001,42885,G
227000002,81,G
227000003,30,G
227000004,42765,G
227000005,112-5,G
227000006,42824,G
227000015,83,G
227000016,9302,G
227000017,31,G
227000018,82,G
227000019,9303,G
227000035,33,G
227000036,87,G
229000111,M7426,G
229000112,M7625,G
218000012,M7106,G
218000105,M7731,G
234001568,721,G
234001570,116-2,G
233000131,6001화성,G
233000133,116-3,G
233000135,8501,G
233000136,6002,G
233000141,201,G
233000142,1498227,G
233000144,202,G
233000254,203,G
233000265,4403,G
233000266,6003,G
234000068,720-3,G
234000314,1560,G
220000012,6,G
229000030,100,G
229000035,333,G
229000060,330,G
229000063,850,G
218000001,85,G
218000002,31048,G
218000108,733,G
219000008,55,G
213000024,8507,G
229000102,M7111,G
225000004,100,G
235000014,11,G
241000080,8427,G
241000460,8133,G
241000800,8142,G
241000830,1801,G
241000840,8153,G
241001090,8429,G
241001620,8416,G
241001720,8464,G
241002400,8806,G
241002610,8105,G
241003000,4800,G
241003340,8118,G
241003400,8154,G
241003600,3300,G
241003770,8113,G
241003980,8822,G
241004210,8463,G
241004220,3001,G
241004230,3002,G
241004250,3003,G
241004260,3005A,G
241004280,3000,G
241004320,8805,G
241005840,8849,G
241005870,8842,G
241005880,8843,G
241005890,8844,G
241005900,7100,G
241005910,5100,G
241005920,5300,G
241005940,5200,G
241005950,7400,G
241005960,7300,G
241005970,7200,G
241005980,8829,G
241005990,5400,G
241006020,3700,G
241006050,5600,G
241006811,5000,G
241000090,8426,G
241000740,8103,G
241000810,1310,G
241000820,8147,G
241001070,8458,G
241001120,8440,G
241001220,8434,G
241001230,8446,G
241001240,8448,G
241001320,1307,G
241001330,9101,G
241001340,8146,G
241001590,8435,G
241001660,8449,G
241001770,8412,G
241002150,8436,G
241002170,8456,G
241002270,8813,G
241002430,8850,G
241002560,8815,G
241002570,8830,G
241002600,9335,G
241003160,8321,G
241003280,1336,G
241003320,8131,G
241003360,8340,G
241003420,8459,G
241003550,8835,G
241003740,8814,G
241004370,8455,G
241004670,8415,G
241006010,8834,G
241006030,3000,G
241006040,5000,G
241006889,8837,G
241004710,4300,G
241004720,4000,G
241004730,840060,G
241004740,4100,G
241004750,8218,G
241004760,8862,G
241004770,8443,G
241004790,8211,G
241004810,8366,G
241004850,8839,G
241004860,8423,G
241004880,8424,G
241004890,8165,G
241004900,8852,G
241004920,8478,G
241004940,8432,G
241006868,8877,G
241005300,9802,G
241005310,8472,G
241005320,9801,G
241005330,8471,G
241005760,7000,G
241006120,8450,G
241006140,8327,G
241006320,737,G
241006330,8860,G
241006340,8851,G
241006360,8467,G
241006370,700,G
241006510,7002,G
241006520,8821,G
241006530,8810,G
241006540,8816,G
241006560,8414,G
241006580,7000,G
241006590,7001,G
100000010,12345,S
100100411,6000,S
100100412,6001,S
100100413,6002,S
100100414,6003,S
100100415,6004,S
100100416,6005,S
100100506,6006,S
100100417,6008,S
100100507,6009,S
100100584,6010,S
100100418,6011,S
100100419,6012,S
100100420,6013,S
100100421,6014,S
100100422,6015,S
100100423,6016,S
100100533,6017,S
100100538,6018,S
115000006,6019,S
100100509,6020,S
115000001,6021,S
100100517,6030,S
100100513,6100,S
100100373,6101,S
124000013,6103,S
124000012,6104,S
124000006,6200,S
100100508,6300,S
124000009,6500,S
123000002,6600,S
100100567,6701,S
100100573,6702,S
100100572,6703,S
100100571,6704,S
100100570,6705,S
100100569,6706,S
100100568,6707A,S
115000002,6707B,S
124000016,N6000,S
124000015,N6001,S
122900003,강남01,S
122900006,강남02,S
122900004,강남03,S
122900002,강남05,S
122900005,강남06,S
122900007,강남06-1,S
122900001,강남07,S
122900008,강남08,S
122900009,강남10,S
124900002,강동01,S
124900003,강동02,S
124900001,강동05,S
108900006,강북01,S
108900002,강북02,S
108900003,강북03,S
108900005,강북04,S
108900008,강북05,S
108900007,강북06,S
108900013,강북08,S
108900004,강북09,S
108900009,강북10,S
108900001,강북11,S
108900012,강북12,S
115900006,강서01,S
115900003,강서02,S
115900004,강서03,S
115900001,강서04,S
115900005,강서05,S
115900008,강서05-1,S
115900002,강서06,S
115900007,강서07,S
120900005,관악01,S
120900008,관악02,S
120900003,관악03,S
120900009,관악04,S
120900010,관악05,S
120900004,관악06,S
120900006,관악07,S
120900007,관악08,S
120900002,관악10,S
114900004,관악11,S
241274001,광명01,S
241274005,광명02,S
241274004,광명1-3,S
104900005,광진01,S
104900003,광진02,S
104900002,광진03,S
104900001,광진04,S
104900004,광진05,S
116900013,구로01,S
116900014,구로02,S
116900010,구로03,S
116900011,구로04,S
116900009,구로05,S
116900012,구로06,S
116900006,구로07,S
116900015,구로08,S
116900007,구로09,S
116900003,구로10,S
116900004,구로11,S
116900002,구로12,S
116900001,구로13,S
116900005,구로14,S
116900016,구로15,S
117900008,금천01,S
117900006,금천02,S
117900003,금천03,S
117900002,금천04,S
117900001,금천05,S
117900004,금천06,S
117900007,금천07,S
117900005,금천08,S
117900009,금천09,S
117900010,금천11,S
241350001,남양주33,S
241350002,남양주33-1,S
241347002,남양주80,S
241347005,남양주82A,S
241347006,남양주82B,S
241350003,남양주85,S
110900004,노원01,S
110900009,노원02,S
110900005,노원03,S
110900001,노원04,S
110900003,노원05,S
110900007,노원08,S
110900006,노원09,S
110900002,노원11,S
110900008,노원13,S
109900011,노원14,S
109900010,노원15,S
109900001,도봉01,S
108900010,도봉02,S
109900007,도봉03,S
109900008,도봉04,S
109900004,도봉05,S
109900003,도봉06,S
109900002,도봉07,S
109900006,도봉08,S
109900005,도봉09,S
105900003,동대문01,S
105900002,동대문02,S
105900006,동대문03,S
105900001,동대문05,S
119900007,동작01,S
119900013,동작02,S
119900020,동작03,S
119900022,동작05,S
119900023,동작05-1,S
119900014,동작06,S
119900018,동작07,S
119900009,동작08,S
119900019,동작09,S
119900006,동작10,S
119900011,동작11,S
119900021,동작12,S
120900001,동작13,S
119900012,동작14,S
119900010,동작15,S
119900017,동작16,S
119900016,동작17,S
119900015,동작18,S
119900008,동작19,S
119900001,동작20,S
119900024,동작21,S
102900001,마포01,S
113900005,마포02,S
113900002,마포03,S
113900011,마포05,S
113900012,마포06,S
113900010,마포07,S
113900013,마포08,S
113900015,마포09,S
113900008,마포10,S
113900004,마포11,S
113900003,마포12,S
113900007,마포13,S
113900006,마포14,S
113900014,마포15,S
113900009,마포16,S
113900001,마포17,S
113900016,마포18,S
112900010,서대문01,S
112900014,서대문02대,S
112900015,서대문02소,S
112900004,서대문03,S
112900011,서대문04,S
112900009,서대문05,S
112900007,서대문06,S
112900003,서대문07,S
100900012,서대문08,S
112900012,서대문09대,S
112900013,서대문09소,S
112900001,서대문10,S
112900006,서대문11,S
112900002,서대문12,S
112900005,서대문13,S
112900008,서대문14,S
121900009,서초01,S
121900008,서초02,S
121900005,서초03,S
119900003,서초05,S
119900002,서초06,S
121900011,서초07,S
121900002,서초08,S
121900007,서초09,S
121900003,서초10,S
121900006,서초11,S
121900013,서초13,S
121900010,서초14,S
121900012,서초15,S
119900005,서초16,S
119900004,서초17,S
121900016,서초18,S
121900015,서초18-1,S
121900004,서초20,S
121900001,서초21,S
121900014,서초22,S
241216002,성남21,S
103900003,성동01,S
103900004,성동02,S
103900006,성동03,S
101900001,성동05,S
103900007,성동06,S
103900005,성동07,S
103900002,성동08,S
103900001,성동09,S
103900008,성동10,S
103900009,성동12,S
103900010,성동13,S
107900008,성북01,S
107900003,성북02,S
107900002,성북03,S
107900005,성북04,S
107900011,성북05,S
107900012,성북06,S
107900013,성북07,S
107900007,성북08,S
107900006,성북09,S
107900014,성북10-1,S
107900017,성북10-2,S
107900004,성북12,S
107900001,성북13,S
107900010,성북14-1,S
107900016,성북14-2,S
107900015,성북15,S
105900004,성북20,S
105900005,성북21,S
107900009,성북22,S
241252003,안양6-3,S
241449011,양주15-1긴급,S
241449007,양주15-1막차,S
114900001,양천01,S
114900002,양천02,S
114900003,양천03,S
116900018,양천04,S
116900008,영등포01,S
118900004,영등포02,S
118900005,영등포03,S
118900001,영등포04,S
118900006,영등포05,S
118900003,영등포06,S
118900002,영등포07,S
118900007,영등포08,S
116900017,영등포09,S
118900008,영등포10,S
118900009,영등포11,S
114900006,영등포12,S
114900005,영등포13,S
102900003,용산01,S
102900002,용산02,S
102900004,용산03,S
101900002,용산04,S
111900002,은평01,S
111900003,은평02,S
111900001,은평03,S
111900004,은평04,S
111900005,은평05,S
111900007,은평06,S
111900006,은평07,S
111900008,은평08,S
111900009,은평09,S
111900010,은평10,S
100900006,종로01,S
100900008,종로02,S
100900010,종로03,S
100900011,종로05,S
100900001,종로06,S
100900004,종로07,S
100900005,종로08,S
100900003,종로09,S
100900007,종로11,S
100900009,종로12,S
100900002,종로13,S
106900001,중랑01,S
106900002,중랑02,S
241411001,하남01,S
241412004,하남05,S
241409005,하남07,S
241409006,하남08,S
241409004,하남6-1,S
241412001,하남7-1,S
100100549,100,S
100100006,101,S
100100007,102,S
100100008,103,S
100100009,104,S
100100010,105,S
100100011,106,S
100100012,107,S
100100013,108,S
100100014,109,S
100100016,110A고려대,S
100100015,110B국민대,S
100100017,120,S
100100583,121,S
100100018,130,S
100100019,140,S
100100020,141,S
100100021,142,S
100100022,143,S
100100023,144,S
100100024,145,S
100100025,146,S
100100026,147,S
100100027,148,S
100100029,150,S
100100030,151,S
100100031,152,S
100100032,153,S
100100033,160,S
100100034,162,S
100100036,171,S
100100037,172,S
110000002,173,S
100100038,201,S
100100039,202,S
100100407,240,S
100100595,241,S
104000006,242,S
100100042,260,S
100100043,261,S
100100044,262,S
100100046,270,S
100100047,271,S
100100048,272,S
100100049,273,S
100100051,301,S
100100052,302,S
100100053,303,S
100100564,320,S
100100496,333,S
100100055,340,S
100100056,341,S
124000038,342,S
100100553,350,S
100100057,360,S
124000036,362,S
100100061,370,S
100100596,400,S
100100062,401,S
100100063,402,S
100100597,405,S
100100064,406,S
100100461,407,S
100100068,420,S
100100409,421,S
100100459,440,S
100100070,441,S
100100071,461,S
100100458,462,S
100100605,463,S
100100073,470,S
100100074,471,S
100100075,472,S
100100076,500,S
100100077,501,S
100100410,502,S
100100078,503,S
100100079,504,S
100100080,505,S
100100081,506,S
100100082,507,S
100100083,540,S
100100574,541,S
100100603,542,S
100100084,571,S
100100085,600,S
100100086,601,S
100100087,602,S
100100088,603,S
100100089,604,S
100100090,605,S
100100091,606,S
100100093,640,S
100100094,641,S
100100096,643,S
100100097,650,S
100100098,651,S
100100099,652,S
100100497,653,S
115000007,654,S
100100102,661,S
100100550,662,S
100100436,670,S
100100495,672,S
100100551,673,S
111000008,674,S
100100440,700,S
100100103,701,S
100100104,702A서오릉,S
100100105,702B용두초교,S
100100107,704,S
100100587,705,S
100100511,707,S
100100110,710,S
100100111,720,S
100100112,721,S
100100537,740,S
100100114,750A,S
100100565,750B,S
100100116,751,S
100100117,752,S
100100118,753,S
111000014,761,S
100100437,771,S
111000011,773,S
111000012,774,S
111000013,775,S
100100593,N13,S
100100610,N15,S
100100592,N16,S
100100586,N26,S
100100591,N30,S
100100585,N37,S
100100589,N61,S
100100588,N62,S
115000008,N65,S
100000015,N854,S
100000016,N876,S
100100124,17,S
100100129,1014,S
100100130,1017,S
100100131,1020,S
100100132,1111,S
100100133,1113,S
100100134,1114,S
100100566,1115,S
100100137,1119,S
100100138,1120,S
100100425,1122,S
100100139,1124,S
100100142,1126,S
100100143,1127,S
100100144,1128,S
100100145,1129,S
100100146,1130,S
100100147,1131,S
100100148,1132,S
100100149,1133,S
100100150,1135,S
100100151,1136,S
100100152,1137,S
100100153,1138,S
100100154,1139,S
100100155,1140,S
100100156,1141,S
100100157,1142,S
100100158,1143,S
100100159,1144,S
100100164,1154,S
100100165,1155,S
100100166,1156,S
100100170,1162,S
100100171,1164,S
100100172,1165,S
100100173,1166,S
100100175,1213,S
100100177,1218,S
100100178,1221,S
100100179,1222,S
100100181,1224,S
100100183,1226,S
100100184,1227,S
100100185,1711,S
100100186,2012,S
100100188,2013,S
100100189,2014,S
100100190,2015,S
100100522,2016,S
100100191,2112,S
100100192,2113,S
100100193,2114,S
100100598,2115,S
100100194,2211,S
100100198,2221,S
100100199,2222,S
100100201,2224,S
100100202,2227,S
100100203,2230,S
100100204,2233,S
100100205,2234,S
100100206,2235,S
100100599,2311,S
100100611,2312,S
100100209,2412,S
100100210,2413,S
100100211,2415,S
100100438,3011,S
100100579,3012,S
100100212,3212,S
100100213,3214,S
100100215,3216,S
100100216,3217,S
100100218,3220,S
100100219,3313,S
100100220,3314,S
100100221,3315,S
100100222,3316,S
100100478,3317,S
100100498,3318,S
100100501,3319,S
100100578,3321,S
100100613,3322,S
100100223,3411,S
100100224,3412,S
100100225,3413,S
100100226,3414,S
100100228,3416,S
100100229,3417,S
100100232,3422,S
100100609,3425,S
100100612,3426,S
100100604,4211,S
100100234,4212,S
100100237,4318,S
100100427,4319,S
100100500,4412,S
100100454,4419,S
100100246,4432,S
100100247,4433,S
122000001,4435,S
100100248,5012,S
100100249,5413,S
100100250,5511,S
100100251,5513,S
100100252,5515,S
100100253,5516,S
100100254,5517,S
100100255,5519,S
100100257,5522A난곡,S
100100258,5522B호암,S
100100259,5523,S
100100260,5524,S
100100261,5525,S
100100263,5528,S
100100264,5530,S
100100265,5531,S
100100266,5534,S
100100267,5535,S
100100268,5536,S
100100269,5537,S
100100272,5615,S
100100273,5616,S
100100274,5617,S
100100275,5618,S
100100276,5619,S
100100277,5620,S
100100278,5621,S
100100279,5623,S
100100280,5624,S
100100281,5625,S
100100282,5626,S
100100283,5627,S
100100284,5630,S
100100285,5633,S
100100286,5712,S
100100287,5713,S
100100288,5714,S
100100289,6211,S
100100290,6411,S
100100291,6511,S
100100292,6512,S
100100293,6513,S
100100294,6514,S
100100521,6515,S
100100576,6516,S
100100295,6611,S
100100453,6613,S
100100297,6614,S
100100298,6616,S
100100299,6617,S
100100300,6620,S
100100301,6623,S
100100302,6624,S
100100303,6625,S
100100304,6627,S
100100305,6628,S
100100306,6629,S
100100307,6630,S
100100308,6631,S
100100309,6632,S
100100311,6635,S
100100312,6637,S
100100313,6638,S
100100601,6640A,S
100100602,6640B,S
100100316,6642,S
100100318,6645,S
100100320,6647,S
115000005,6648,S
114000001,6649,S
100100322,6654,S
100100329,6657,S
100100330,6712,S
100100331,6714,S
100100332,6715,S
100100451,6716,S
100100450,7011,S
100100449,7013A,S
100100448,7013B,S
100100447,7016,S
100100337,7017,S
100100338,7018,S
100100339,7019,S
100100340,7021,S
100100341,7022,S
100100342,7024,S
100100446,7025,S
100100344,7211,S
100100499,7212,S
100100345,7611,S
100100346,7612,S
100100347,7613,S
100100348,7711,S
100100349,7713,S
100100462,7715,S
124000008,7719,S
100100352,7720,S
100100353,7722,S
100100354,7723,S
100100357,7726,S
100100358,7727,S
100100359,7728,S
100100360,7730,S
111000010,7734,S
100100363,7737,S
100100364,7738,S
100100552,7739,S
100100370,8111,S
124000010,8331,S
100100383,8541,S
108000001,8551,S
113000001,8761,S
111000009,8771,S
100100525,8772,S
100100387,8774,S
100100001,2,S
100100002,3,S
100100003,5,S
112000001,8777,S
100100389,9401,S
100100390,9403,S
100100391,9404,S
100100392,9408,S
100100397,9701,S
100100398,9703,S
100100400,9707,S
100100402,9709,S
100100607,9711A,S
100100406,9714,S
165000145,1000인천,S
165000146,1100인천,S
165000147,1101인천,S
165000412,117인천,S
165000148,1200인천,S
165000149,1300인천,S
165000150,1301인천,S
165000421,1302인천,S
165000151,1400인천,S
165000152,1500인천,S
165000486,1501인천,S
165000154,1601인천,S
165000158,2500인천,S
165000064,300인천,S
165000391,60-5인천,S
165000335,6118인천,S
165000495,6336인천,S
165000215,6405인천,S
165000409,6628인천,S
165000494,6635인천,S
165000240,66인천,S
165000381,6724인천,S
165000377,7700인천,S
165000052,78인천,S
165000160,9100인천,S
165000161,9200인천,S
165000245,9201인천,S
165000162,9300인천,S
165000437,9301인천,S
165000163,9500인천,S
165000164,9501인천,S
165000303,9802인천,S
208000024,1-1안양,S
207000009,1-1의정부,S
207000080,1-2의정부,S
207000088,1-3의정부,S
222000032,1-4남양주,S
207000004,10-1의정부,S
207000085,10-2의정부,S
207000093,10-3의정부,S
234000028,10-5광주,S
234001511,1000-1광주,S
222000136,1000-2남양주,S
219000013,1000고양,S
221000003,1000구리,S
218000007,1001고양,S
222000107,1001남양주,S
232000006,1002김포,S
204000080,1002성남,S
233000140,1002화성,S
241000910,1004,S
232000073,1004김포,S
234000074,1005-1광주,S
234000065,1005광주,S
234000013,1007-1광주,S
234000015,1007광주,S
233000125,1008화성,S
234000310,1009광주,S
213000012,100광명,S
234000873,100광주,S
204000018,100성남,S
204000083,100출성남,S
229000030,100파주,S
213000016,101광명,S
228000179,101용인,S
206000007,102성남,S
204000060,103성남,S
219000006,1082고양,S
219000007,108고양,S
222000082,10남양주,S
212000003,10부천,S
207000003,10의정부,S
213000007,11-1광명,S
208000003,11-1안양,S
213000011,11-2광명,S
208000004,11-2안양,S
208000006,11-3안양,S
208000005,11-5안양,S
218000011,1100고양,S
222000074,1100남양주,S
235000085,1100양주,S
234000016,1112광주,S
234001203,1113-10광주,S
234001204,1113-11광주,S
234000011,1113-1광주,S
234001516,1113-2광주,S
234000042,1113광주,S
234000031,1115-6광주,S
234000069,1117광주,S
207000012,111의정부,S
222000045,112-1남양주,S
227000005,112-5하남,S
234000036,112광주,S
234000882,1150광주,S
204000081,1151성남,S
234000037,116광주,S
235000020,118양주,S
234000040,119광주,S
213000008,11광명,S
236000050,11포천,S
210000002,12-1부천,S
207000048,12-3의정부,S
222000137,1200-1남양주,S
219000016,1200고양,S
222000078,1200남양주,S
228000181,1241용인,S
204000035,1251성남,S
210000027,12부천,S
234000082,13-2광주,S
241001320,1307고양,S
241000810,1310고양,S
234001251,1311광주,S
239000110,1330-2가평,S
239000024,1330-44가평,S
239000111,1330-4가평,S
241003280,1336고양,S
207000026,133의정부,S
234000072,13광주,S
204000073,15-1성남,S
234000313,1500-2광주,S
218000010,1500고양,S
229000041,150파주,S
234000324,1550-1광주,S
234000136,1550광주,S
234001290,1551B광주,S
234001138,1551광주,S
234000314,1560광주,S
234001271,1570광주,S
234000035,15광주,S
234000050,1650광주,S
222000028,165남양주,S
222000048,166-1남양주,S
222000049,1660남양주,S
222000046,1670남양주,S
222000072,167남양주,S
221000033,1680구리,S
222000165,169남양주,S
234000034,16광주,S
222000073,1700남양주,S
213000005,17광명,S
229000013,17파주,S
241000830,1801고양,S
235000081,19-1양주,S
219000027,1900고양,S
208000031,19안양,S
235000080,19양주,S
213000006,1광명,S
222000058,1남양주,S
208000007,1안양,S
222000122,2000-1남양주,S
240000007,2000-1양평,S
222000128,2000-2남양주,S
240000008,2000-2양평,S
240000079,2000-3양평,S
240000105,2000-4양평,S
232000091,2000김포,S
222000075,2000남양주,S
229000021,2000파주,S
229000028,200파주,S
222000012,202-1남양주,S
222000004,202남양주,S
232000074,20김포,S
208000014,20안양,S
213000002,21광명,S
232000095,21김포,S
229000061,2200파주,S
210000028,220부천,S
213000010,22광명,S
232000070,22김포,S
222000013,23남양주,S
210000060,23부천,S
213000003,27광명,S
213000017,2광명,S
232000028,2김포,S
227000004,30-1하남,S
227000006,30-3하남,S
227000001,30-5하남,S
232000093,3000A김포,S
241004280,3000고양,S
232000061,3000김포,S
200000104,3000수원,S
241004220,3001고양,S
213000015,3001광명,S
241004230,3002고양,S
213000019,3002광명,S
200000145,3002수원,S
241004250,3003고양,S
200000108,3003수원,S
241004260,3005고양,S
200000110,3007수원,S
216000021,301안산,S
208000027,3030안양,S
234000003,30광주,S
229000010,30파주,S
227000003,30하남,S
216000026,3100안산,S
207000070,3100의정부,S
216000043,3101안산,S
216000061,3102안산,S
229000027,31파주,S
227000017,31하남,S
218000005,3200고양,S
224000019,3200시흥,S
236000149,3200포천,S
217000013,320안산,S
234000009,32광주,S
234000041,330-1광주,S
241003600,3300고양,S
224000047,3300시흥,S
229000060,330파주,S
204000084,331성남,S
229000035,333파주,S
227000035,33하남,S
224000050,3400시흥,S
229000032,34파주,S
236000176,3500포천,S
236000190,3600포천,S
229000036,360파주,S
207000073,36의정부,S
207000027,36의정부,S
241006020,3700고양,S
232000067,388김포,S
238000017,39-1연천,S
238000020,39-4연천,S
200000233,3900전수원,S
213000009,39광명,S
238000015,39연천,S
222000051,3남양주,S
210000013,3부천,S
241004710,4300고양,S
241003000,4800고양,S
210000003,50-1부천,S
234001609,500-1A광주,S
234000079,500-1광주,S
234000075,500-2광주,S
234000077,500-5광주,S
228000174,5000용인,S
228000177,5001-1용인,S
228000176,5001용인,S
228000183,5002용인,S
228000182,5003용인,S
228000175,5005용인,S
228000262,5006용인,S
228000263,5007용인,S
210000001,50부천,S
204000012,50성남,S
241005910,5100고양,S
200000115,5100수원,S
224000008,510시흥,S
222000050,51남양주,S
208000017,51안양,S
241005940,5200고양,S
224000024,520시흥,S
234000071,52광주,S
210000009,52부천,S
200000193,5300-1수원,S
200000175,5300수원,S
224000029,530시흥,S
234000001,5500-1광주,S
234000148,5500-2광주,S
219000008,55고양,S
228000184,5600용인,S
216000047,5602안산,S
224000040,5604시흥,S
216000046,5609안산,S
229000039,567파주,S
229000087,56파주,S
210000052,57-1부천,S
228000271,5700용인,S
210000040,57부천,S
204000005,57성남,S
210000069,59-1부천,S
210000042,59부천,S
234000007,5광주,S
208000016,5안양,S
207000034,5의정부,S
210000057,60-1부천,S
232000025,60-3김포,S
233000131,6001화성,S
233000142,6002-1화성,S
233000136,6002화성,S
232000017,60김포,S
204000013,60성남,S
232000081,6427김포,S
222000030,65-1남양주,S
234001163,6501광주,S
222000031,65남양주,S
229000018,66파주,S
234000018,6800광주,S
234000027,6900광주,S
232000016,69김포,S
220000012,6과천,S
210000012,70-2부천,S
210000036,70-3부천,S
241005760,7000고양,S
232000092,7000김포,S
200000112,7000수원,S
200000119,7001수원,S
241006510,7002고양,S
200000109,7002수원,S
234000311,7007-1광주,S
222000129,7007-2남양주,S
222000076,7007남양주,S
241006370,700,S
